Workbook

Sheet Áreas
A1: Código Área | B1: Área
A2: A01 | B2: Família
A3: A02 | B3: Igreja
A4: A03 | B4: Escola
A5: A04 | B5: Amigos
A6: A05 | B6: Comunidade
A7: A06 | B7: Eu mesmo

Sheet Objetivos
A1: Código Objetivo | B1: Área Vinculada | C1: Descrição do Objetivo
A2: A01O01 | B2: A01 | C2: Participar mais das refeições em família
A3: A01O02 | B3: A01 | C3: Reservar tempo para conversa
A4: A02O01 | B4: A02 | C4: Frequentar os cultos regularmente
A5: A03O01 | B5: A03 | C5: Melhorar desempenho escolar
A6: A04O01 | B6: A04 | C6: Apoiar um amigo em dificuldade
A7: A06O01 | B7: A06 | C7: Praticar autocuidado diário

Sheet Estratégias
A1: Código Estratégia | B1: Objetivo Vinculado | C1: Descrição da Estratégia | D1: Pontos
A2: A01O01E01 | B2: A01O01 | C2: Ajudar a montar a mesa 4x na semana | D2: 10
A3: A01O01E02 | B3: A01O01 | C3: Orar com a família antes das refeições | D3: 10
A4: A01O02E01 | B4: A01O02 | C4: Desligar o celular e ouvir ativamente | D4: 10
A5: A03O01E01 | B5: A03O01 | C5: Estudar pelo menos 1h por dia | D5: 10
A6: A06O01E01 | B6: A06O01 | C6: Beber 2L de água por dia | D6: 10

Sheet Registros Diários
A1: Data | B1: Código Estratégia | C1: Descrição da Estratégia | D1: Resultado | E1: Pontos Ganhos
A2: 45853 | B2: A01O01E01 | C2: =IFERROR(VLOOKUP(B2,Estratégias!$A$2:$C$100,2,FALSE),"") -> A01O01 | E2: =IFERROR(VLOOKUP(B2,Estratégias!$A$2:$C$100,3,FALSE),"") -> Ajudar a montar a mesa 4x na semana
C3: =IFERROR(VLOOKUP(B3,Estratégias!$A$2:$C$100,2,FALSE),"") | E3: =IFERROR(VLOOKUP(B3,Estratégias!$A$2:$C$100,3,FALSE),"")
C4: =IFERROR(VLOOKUP(B4,Estratégias!$A$2:$C$100,2,FALSE),"") | E4: =IFERROR(VLOOKUP(B4,Estratégias!$A$2:$C$100,3,FALSE),"")
C5: =IFERROR(VLOOKUP(B5,Estratégias!$A$2:$C$100,2,FALSE),"") | E5: =IFERROR(VLOOKUP(B5,Estratégias!$A$2:$C$100,3,FALSE),"")
C6: =IFERROR(VLOOKUP(B6,Estratégias!$A$2:$C$100,2,FALSE),"") | E6: =IFERROR(VLOOKUP(B6,Estratégias!$A$2:$C$100,3,FALSE),"")
C7: =IFERROR(VLOOKUP(B7,Estratégias!$A$2:$C$100,2,FALSE),"") | E7: =IFERROR(VLOOKUP(B7,Estratégias!$A$2:$C$100,3,FALSE),"")
C8: =IFERROR(VLOOKUP(B8,Estratégias!$A$2:$C$100,2,FALSE),"") | E8: =IFERROR(VLOOKUP(B8,Estratégias!$A$2:$C$100,3,FALSE),"")
C9: =IFERROR(VLOOKUP(B9,Estratégias!$A$2:$C$100,2,FALSE),"") | E9: =IFERROR(VLOOKUP(B9,Estratégias!$A$2:$C$100,3,FALSE),"")
C10: =IFERROR(VLOOKUP(B10,Estratégias!$A$2:$C$100,2,FALSE),"") | E10: =IFERROR(VLOOKUP(B10,Estratégias!$A$2:$C$100,3,FALSE),"")
C11: =IFERROR(VLOOKUP(B11,Estratégias!$A$2:$C$100,2,FALSE),"") | E11: =IFERROR(VLOOKUP(B11,Estratégias!$A$2:$C$100,3,FALSE),"")
C12: =IFERROR(VLOOKUP(B12,Estratégias!$A$2:$C$100,2,FALSE),"") | E12: =IFERROR(VLOOKUP(B12,Estratégias!$A$2:$C$100,3,FALSE),"")
C13: =IFERROR(VLOOKUP(B13,Estratégias!$A$2:$C$100,2,FALSE),"") | E13: =IFERROR(VLOOKUP(B13,Estratégias!$A$2:$C$100,3,FALSE),"")
C14: =IFERROR(VLOOKUP(B14,Estratégias!$A$2:$C$100,2,FALSE),"") | E14: =IFERROR(VLOOKUP(B14,Estratégias!$A$2:$C$100,3,FALSE),"")
... C21: =IFERROR(VLOOKUP(B21,Estratégias!$A$2:$C$100,2,FALSE),"") | E21: =IFERROR(VLOOKUP(B21,Estratégias!$A$2:$C$100,3,FALSE),"")
