Workbook

Sheet Áreas
A1: Código Área | B1: Área
A2: A01 | B2: Família
A3: A02 | B3: Igreja
A4: A03 | B4: Escola
A5: A04 | B5: Amigos
A6: A05 | B6: Comunidade
A7: A06 | B7: Eu mesmo

Sheet Objetivos
A1: Código Objetivo | B1: Área Vinculada | C1: Descrição do Objetivo
A2: A01O01 | B2: A01 | C2: Participar mais das refeições em família
A3: A01O02 | B3: A01 | C3: Reservar tempo para conversa
A4: A02O01 | B4: A02 | C4: Frequentar os cultos regularmente
A5: A03O01 | B5: A03 | C5: Melhorar desempenho escolar
A6: A04O01 | B6: A04 | C6: Apoiar um amigo em dificuldade
A7: A06O01 | B7: A06 | C7: Praticar autocuidado diário

Sheet Registros Diários
A1: Data | B1: Código Estratégia | C1: Descrição da Estratégia | D1: Resultado | E1: Pontos Ganhos
A2: 45853 | B2: A01O01E01 | C2: =IFERROR(VLOOKUP(B2,Estratégias!$A$2:$C$100,2,FALSE),"") | E2: =IFERROR(VLOOKUP(B2,Estratégias!$A$2:$C$100,3,FALSE),"")
C3: =IFERROR(VLOOKUP(B3,Estratégias!$A$2:$C$100,2,FALSE),"") | E3: =IFERROR(VLOOKUP(B3,Estratégias!$A$2:$C$100,3,FALSE),"")
C4: =IFERROR(VLOOKUP(B4,Estratégias!$A$2:$C$100,2,FALSE),"") | E4: =IFERROR(VLOOKUP(B4,Estratégias!$A$2:$C$100,3,FALSE),"")
C5: =IFERROR(VLOOKUP(B5,Estratégias!$A$2:$C$100,2,FALSE),"") | E5: =IFERROR(VLOOKUP(B5,Estratégias!$A$2:$C$100,3,FALSE),"")
C6: =IFERROR(VLOOKUP(B6,Estratégias!$A$2:$C$100,2,FALSE),"") | E6: =IFERROR(VLOOKUP(B6,Estratégias!$A$2:$C$100,3,FALSE),"")
C7: =IFERROR(VLOOKUP(B7,Estratégias!$A$2:$C$100,2,FALSE),"") | E7: =IFERROR(VLOOKUP(B7,Estratégias!$A$2:$C$100,3,FALSE),"")
C8: =IFERROR(VLOOKUP(B8,Estratégias!$A$2:$C$100,2,FALSE),"") | E8: =IFERROR(VLOOKUP(B8,Estratégias!$A$2:$C$100,3,FALSE),"")
C9: =IFERROR(VLOOKUP(B9,Estratégias!$A$2:$C$100,2,FALSE),"") | E9: =IFERROR(VLOOKUP(B9,Estratégias!$A$2:$C$100,3,FALSE),"")
C10: =IFERROR(VLOOKUP(B10,Estratégias!$A$2:$C$100,2,FALSE),"") | E10: =IFERROR(VLOOKUP(B10,Estratégias!$A$2:$C$100,3,FALSE),"")
C11: =IFERROR(VLOOKUP(B11,Estratégias!$A$2:$C$100,2,FALSE),"") | E11: =IFERROR(VLOOKUP(B11,Estratégias!$A$2:$C$100,3,FALSE),"")
C12: =IFERROR(VLOOKUP(B12,Estratégias!$A$2:$C$100,2,FALSE),"") | E12: =IFERROR(VLOOKUP(B12,Estratégias!$A$2:$C$100,3,FALSE),"")
C13: =IFERROR(VLOOKUP(B13,Estratégias!$A$2:$C$100,2,FALSE),"") | E13: =IFERROR(VLOOKUP(B13,Estratégias!$A$2:$C$100,3,FALSE),"")
C14: =IFERROR(VLOOKUP(B14,Estratégias!$A$2:$C$100,2,FALSE),"") | E14: =IFERROR(VLOOKUP(B14,Estratégias!$A$2:$C$100,3,FALSE),"")
... C21: =IFERROR(VLOOKUP(B21,Estratégias!$A$2:$C$100,2,FALSE),"") | E21: =IFERROR(VLOOKUP(B21,Estratégias!$A$2:$C$100,3,FALSE),"")

Sheet Resumo Semanal
A1: Semana | B1: Progresso | C1: Falhas | D1: Pontuação da Semana
A2: Semana 1 | B2: 5 | C2: 2 | D2: 70
A3: Semana 2 | B3: 6 | C3: 1 | D3: 85
A4: Semana 3 | B4: 7 | C4: 0 | D4: 100

Sheet Níveis Alcançados
A1: Pontuação Total | B1: 255
A2: Nível Atual | B2: Persistente
A4: Nível | B4: Pontuação Mínima
A5: Iniciante | B5: 0
A6: Explorador | B6: 100
A7: Persistente | B7: 200
A8: Guerreiro | B8: 300
A9: Vencedor | B9: 400
A10: Líder Inspirador | B10: 500

Sheet Estratégias
A1: Código | B1: Área | C1: Objetivo | D1: Estratégia
A2: A01-O01-E01 | B2: Família | C2: Objetivo 1 da área Família | D2: Estratégia 1 do Objetivo 1 da área Família
A3: A01-O01-E02 | B3: Família | C3: Objetivo 1 da área Família | D3: Estratégia 2 do Objetivo 1 da área Família
A4: A01-O01-E03 | B4: Família | C4: Objetivo 1 da área Família | D4: Estratégia 3 do Objetivo 1 da área Família
A5: A01-O01-E04 | B5: Família | C5: Objetivo 1 da área Família | D5: Estratégia 4 do Objetivo 1 da área Família
A6: A01-O01-E05 | B6: Família | C6: Objetivo 1 da área Família | D6: Estratégia 5 do Objetivo 1 da área Família
A7: A01-O02-E01 | B7: Família | C7: Objetivo 2 da área Família | D7: Estratégia 1 do Objetivo 2 da área Família
A8: A01-O02-E02 | B8: Família | C8: Objetivo 2 da área Família | D8: Estratégia 2 do Objetivo 2 da área Família
A9: A01-O02-E03 | B9: Família | C9: Objetivo 2 da área Família | D9: Estratégia 3 do Objetivo 2 da área Família
A10: A01-O02-E04 | B10: Família | C10: Objetivo 2 da área Família | D10: Estratégia 4 do Objetivo 2 da área Família
A11: A01-O02-E05 | B11: Família | C11: Objetivo 2 da área Família | D11: Estratégia 5 do Objetivo 2 da área Família
A12: A01-O03-E01 | B12: Família | C12: Objetivo 3 da área Família | D12: Estratégia 1 do Objetivo 3 da área Família
... A241: A06-O08-E05 | B241: Eu mesmo | C241: Objetivo 8 da área Eu mesmo | D241: Estratégia 5 do Objetivo 8 da área Eu mesmo
