Workbook
Name Ajudar_idosos_ou_crianças_quando_possivel: ListasAuxiliares!$AS$2:$AS$6
Name Ajudar_nas_tarefas_de_casa_com_regularidade: ListasAuxiliares!$I$2:$I$6
Name Amigos: ListasAuxiliares!$E$2:$E$9
Name Apoiar_os_novos_membros_e_visitantes: ListasAuxiliares!$U$2:$U$6
Name Aprender_a_lidar_com_minhas_emoções: ListasAuxiliares!$AY$1
Name Aumentar_minha_media_em_pelo_menos_uma_disciplina: ListasAuxiliares!$AB$2:$AB$6
Name Buscar_ajuda_quando_tiver_dificuldades: ListasAuxiliares!$AA$2:$AA$6
Name Buscar_conselhos_com_lideres_espirituais: ListasAuxiliares!$W$2:$W$6
Name Buscar_crescimento_espiritual: ListasAuxiliares!$BA$2:$BA$6
Name Comunidade: ListasAuxiliares!$F$2:$F$9
Name Controlar_meu_tempo_no_celular_e_redes: ListasAuxiliares!$AX$2:$AX$6
Name Criar_habitos_saudaveis__sono__alimentação: ListasAuxiliares!$AZ$2:$AZ$6
Name Cuidar_da_minha_saude_fisica: ListasAuxiliares!$AW$2:$AW$6
Name Cuidar_do_ambiente_ao_meu_redor: ListasAuxiliares!$AO$2:$AO$6
Name Cuidar_do_meu_comportamento_escolar: ListasAuxiliares!$Z$2:$Z$6
Name Cumprir_regras_e_responsabilidades_publicas: ListasAuxiliares!$AQ$2:$AQ$6
Name Dar_bons_conselhos_quando_for_procurado: ListasAuxiliares!$AH$2:$AH$6
Name Desenvolver_amizades_saudaveis: ListasAuxiliares!$AL$2:$AL$6
Name Desenvolver_um_plano_de_vida_com_metas_claras: ListasAuxiliares!$BC$2:$BC$6
Name Escola: ListasAuxiliares!$D$2:$D$9
Name Eu_mesmo: ListasAuxiliares!$G$2:$G$9
Name Evitar_comparações_e_inveja: ListasAuxiliares!$BB$2:$BB$6
Name Evitar_discussões_desnecessarias: ListasAuxiliares!$M$2:$M$6
Name Evitar_distrações_em_sala_de_aula: ListasAuxiliares!$AD$2:$AD$6
Name Evitar_fofocas_e_julgamentos: ListasAuxiliares!$AJ$2:$AJ$6
Name Expressar_gratidão_e_carinho_dentro_de_casa: ListasAuxiliares!$L$2:$L$6
Name Familia: ListasAuxiliares!$B$2:$B$9
Name Frequentar_os_cultos_com_regularidade: ListasAuxiliares!$P$2:$P$6
Name Igreja: ListasAuxiliares!$C$2:$C$9
Name Incluir_colegas_que_ficam_isolados: ListasAuxiliares!$AK$2:$AK$6
Name ListaEstrategiasAtiva: OFFSET('Registros Diários'!$Z$2,0,0,COUNTA('Registros Diários'!$Z$2:$Z$100))
Name Manter_contato_com_amigos_antigos: ListasAuxiliares!$AI$2:$AI$6
Name Me_conhecer_melhor_e_valorizar_minhas_qualidades: ListasAuxiliares!$AV$2:$AV$6
Name Melhorar_a_comunicação_com_meus_pais: ListasAuxiliares!$H$2:$H$6
Name Melhorar_minha_participação_nas_aulas: ListasAuxiliares!$Y$2:$Y$6
Name Montar_um_plano_de_estudos_realista: ListasAuxiliares!$AE$2:$AE$6
Name Orar_com_minha_familia_regularmente: ListasAuxiliares!$N$2:$N$6
Name Orar_e_ler_a_Biblia_diariamente: ListasAuxiliares!$S$2:$S$6
Name Orar_por_meus_amigos_regularmente: ListasAuxiliares!$AM$2:$AM$6
Name Organizar_melhor_meus_estudos_e_prazos: ListasAuxiliares!$X$2:$X$6
Name Participar_ativamente_do_ministerio_de_jovens: ListasAuxiliares!$Q$2:$Q$6
Name Participar_de_ações_sociais_ou_voluntariado: ListasAuxiliares!$AN$2:$AN$6
Name Passar_tempo_de_qualidade_com_minha_familia: ListasAuxiliares!$J$2:$J$6
Name Representar_bem_minha_fe_e_meus_valores: ListasAuxiliares!$AU$2:$AU$6
Name Respeitar_os_horarios_e_regras_do_lar: ListasAuxiliares!$O$2:$O$6
Name Respeitar_professores_e_colegas: ListasAuxiliares!$AC$2:$AC$6
Name Ser_mais_paciente_com_meus_irmãos_ou_parentes: ListasAuxiliares!$K$2:$K$6
Name Ser_mais_presente_nos_momentos_dificeis: ListasAuxiliares!$AG$2:$AG$6
Name Ser_pontual_e_comprometido_nas_atividades: ListasAuxiliares!$V$2:$V$6
Name Ser_respeitoso_com_todos__mesmo_os_diferentes: ListasAuxiliares!$AP$2:$AP$6
Name Servir_em_algum_ministerio_da_igreja: ListasAuxiliares!$R$2:$R$6
Name Testemunhar_minha_fe_com_sabedoria: ListasAuxiliares!$T$2:$T$6
Name Tratar_bem_os_vizinhos: ListasAuxiliares!$AR$2:$AR$6
Name Usar_redes_sociais_com_responsabilidade: ListasAuxiliares!$AT$2:$AT$6
Name Valorizar_os_verdadeiros_amigos: ListasAuxiliares!$AF$2:$AF$6

Sheet Manual de Uso
A1: MANUAL DE USO – PROJETO 21
A3: 1️⃣ Escolher a Área
A4: Abra a aba 'Registros Diários' e, na coluna Área, escolha a área desejada a partir da lista suspensa.
A5: Exemplo: Selecione 'Família' na célula.
A7: 2️⃣ Escolher o Objetivo
A8: Após escolher a Área, a coluna Objetivo mostrará apenas os objetivos relacionados àquela área.
A9: Exemplo: Para 'Família', aparecerá 'Melhorar a comunicação com meus pais'.
A11: 3️⃣ Escolher a Estratégia
A12: Após escolher o Objetivo, a coluna Estratégia mostrará apenas as estratégias relacionadas àquele objetivo.
A13: Exemplo: 'Reservar 15 minutos por dia para conversar'.
A15: ℹ️ Observações importantes
A16: - Você não precisa digitar códigos ou nomes manualmente.
... A18: - A aba 'ListasAuxiliares' é de uso restrito da administração.

Sheet Áreas
A1: Código Área | B1: Área
A2: A01 | B2: Família
A3: A02 | B3: Igreja
A4: A03 | B4: Escola
A5: A04 | B5: Amigos
A6: A05 | B6: Comunidade
A7: A06 | B7: Eu mesmo

Sheet Resumo Semanal
A1: Semana | B1: Progresso | C1: Falhas | D1: Pontuação da Semana
A2: Semana 1 | B2: 5 | C2: 2 | D2: 70
A3: Semana 2 | B3: 6 | C3: 1 | D3: 85
A4: Semana 3 | B4: 7 | C4: 0 | D4: 100

Sheet Níveis Alcançados
A1: Pontuação Total | B1: 255
A2: Nível Atual | B2: Persistente
A4: Nível | B4: Pontuação Mínima
A5: Iniciante | B5: 0
A6: Explorador | B6: 100
A7: Persistente | B7: 200
A8: Guerreiro | B8: 300
A9: Vencedor | B9: 400
A10: Líder Inspirador | B10: 500

Sheet Objetivos
A1: Código Objetivo | B1: Área Vinculada | C1: Descrição do Objetivo
A2: A01O01 | B2: A01 | C2: Melhorar a comunicação com meus pais
A3: A01O02 | B3: A01 | C3: Ajudar nas tarefas de casa com regularidade
A4: A01O03 | B4: A01 | C4: Passar tempo de qualidade com minha família
A5: A01O04 | B5: A01 | C5: Ser mais paciente com meus irmãos ou parentes
A6: A01O05 | B6: A01 | C6: Expressar gratidão e carinho dentro de casa
A7: A01O06 | B7: A01 | C7: Evitar discussões desnecessárias
A8: A01O07 | B8: A01 | C8: Orar com minha família regularmente
A9: A01O08 | B9: A01 | C9: Respeitar os horários e regras do lar
A10: A02O01 | B10: A02 | C10: Frequentar os cultos com regularidade
A11: A02O02 | B11: A02 | C11: Participar ativamente do ministério de jovens
A12: A02O03 | B12: A02 | C12: Servir em algum ministério da igreja
... A49: A06O08 | B49: A06 | C49: Desenvolver um plano de vida com metas claras

Sheet Estratégias
A1: Código | B1: Área | C1: Objetivo | D1: Estratégia
A2: A01-O01-E01 | B2: Família | C2: Melhorar a comunicação com meus pais | D2: Reservar 15 minutos por dia para conversar com meus pais, sem celular ou distrações.
A3: A01-O01-E02 | B3: Família | C3: Melhorar a comunicação com meus pais | D3: Perguntar como foi o dia deles e escutar com atenção.
A4: A01-O01-E03 | B4: Família | C4: Melhorar a comunicação com meus pais | D4: Fazer perguntas sobre suas histórias e experiências de vida.
A5: A01-O01-E04 | B5: Família | C5: Melhorar a comunicação com meus pais | D5: Evitar respostas curtas ou monossilábicas durante as conversas.
A6: A01-O01-E05 | B6: Família | C6: Melhorar a comunicação com meus pais | D6: Agradecer quando eles me ouvirem ou me aconselharem.
A7: A01-O02-E01 | B7: Família | C7: Ajudar nas tarefas de casa com regularidade | D7: Arrumar minha cama todos os dias sem que precisem pedir.
A8: A01-O02-E02 | B8: Família | C8: Ajudar nas tarefas de casa com regularidade | D8: Lavar a louça ou ajudar na limpeza após as refeições.
A9: A01-O02-E03 | B9: Família | C9: Ajudar nas tarefas de casa com regularidade | D9: Criar um quadro de tarefas semanais com meus pais.
A10: A01-O02-E04 | B10: Família | C10: Ajudar nas tarefas de casa com regularidade | D10: Ajudar na organização da casa antes do sábado.
A11: A01-O02-E05 | B11: Família | C11: Ajudar nas tarefas de casa com regularidade | D11: Me oferecer para ajudar em algo nos dias mais corridos da família.
A12: A01-O03-E01 | B12: Família | C12: Passar tempo de qualidade com minha família | D12: Planejar uma noite em família com jogos ou filme por semana.
... A241: A06-O08-E05 | B241: Eu mesmo | C241: Desenvolver um plano de vida com metas claras | D241: Avaliar mensalmente se estou no caminho certo.

Sheet Registros Diários
A1: Área | B1: Objetivo | C1: Estratégia | D1: Data | E1: Código Estratégia | F1: Descrição da Estratégia | G1: Resultado | H1: Pontos Ganhos | I1: Cod.Objetivo (automático)
A2: Familia | B2: Melhorar a comunicação com meus pais | C2: Perguntar como foi o dia deles e escutar com atenção. | H2: =IF(F2="✅ Executado", 10, IF(F2="🟡 Parcial", 5, 0)) | I2: =SUBSTITUTE(SUBSTITUTE(SUBSTITUTE(SUBSTITUTE(SUBSTITUTE(SUBSTITUTE(B2,"á","a"),"é","e"),"í","i"),"ó","o"),"ú","u")," ","_") | J2: {=IFERROR(INDEX(Objetivos!$A$2:$A$100,MATCH(1,(Objetivos!$B$2:$B$100=VLOOKUP(A2,ListasAuxiliares!$A$2:$B$7,2,FALSE))*(Objetivos!$C$2:$C$100=B2),0)),"")} | Z2: =I2
A3: Familia | B3: Passar tempo de qualidade com minha família | C3: Tomar café da manhã junto pelo menos 2 vezes por semana. | H3: =IF(F3="✅ Executado", 10, IF(F3="🟡 Parcial", 5, 0)) | I3: =SUBSTITUTE(SUBSTITUTE(SUBSTITUTE(SUBSTITUTE(SUBSTITUTE(SUBSTITUTE(B3,"á","a"),"é","e"),"í","i"),"ó","o"),"ú","u")," ","_") | Z3: =I3
A4: Familia | B4: Passar tempo de qualidade com minha família | C4: Ficar presente nos momentos familiares sem me isolar. | H4: =IF(F4="✅ Executado", 10, IF(F4="🟡 Parcial", 5, 0)) | I4: =SUBSTITUTE(SUBSTITUTE(SUBSTITUTE(SUBSTITUTE(SUBSTITUTE(SUBSTITUTE(B4,"á","a"),"é","e"),"í","i"),"ó","o"),"ú","u")," ","_") | Z4: =I4
A5: Familia | B5: Ser mais paciente com meus irmãos ou parentes | H5: =IF(F5="✅ Executado", 10, IF(F5="🟡 Parcial", 5, 0)) | I5: =SUBSTITUTE(SUBSTITUTE(SUBSTITUTE(SUBSTITUTE(SUBSTITUTE(SUBSTITUTE(B5,"á","a"),"é","e"),"í","i"),"ó","o"),"ú","u")," ","_") | Z5: =I5
A6: Familia | B6: Expressar gratidão e carinho dentro de casa | H6: =IF(F6="✅ Executado", 10, IF(F6="🟡 Parcial", 5, 0)) | I6: =SUBSTITUTE(SUBSTITUTE(SUBSTITUTE(SUBSTITUTE(SUBSTITUTE(SUBSTITUTE(B6,"á","a"),"é","e"),"í","i"),"ó","o"),"ú","u")," ","_") | Z6: =I6
A7: Familia | B7: Evitar discussões desnecessárias | H7: =IF(F7="✅ Executado", 10, IF(F7="🟡 Parcial", 5, 0)) | I7: =SUBSTITUTE(SUBSTITUTE(SUBSTITUTE(SUBSTITUTE(SUBSTITUTE(SUBSTITUTE(B7,"á","a"),"é","e"),"í","i"),"ó","o"),"ú","u")," ","_") | Z7: =I7
A8: Familia | B8: Orar com minha família regularmente | H8: =IF(F8="✅ Executado", 10, IF(F8="🟡 Parcial", 5, 0)) | I8: =SUBSTITUTE(SUBSTITUTE(SUBSTITUTE(SUBSTITUTE(SUBSTITUTE(SUBSTITUTE(B8,"á","a"),"é","e"),"í","i"),"ó","o"),"ú","u")," ","_") | Z8: =I8
A9: Familia | B9: Respeitar os horários e regras do lar | H9: =IF(F9="✅ Executado", 10, IF(F9="🟡 Parcial", 5, 0)) | I9: =SUBSTITUTE(SUBSTITUTE(SUBSTITUTE(SUBSTITUTE(SUBSTITUTE(SUBSTITUTE(B9,"á","a"),"é","e"),"í","i"),"ó","o"),"ú","u")," ","_") | Z9: =I9
A10: Igreja | B10: Frequentar os cultos com regularidade | H10: =IF(F10="✅ Executado", 10, IF(F10="🟡 Parcial", 5, 0)) | I10: =SUBSTITUTE(SUBSTITUTE(SUBSTITUTE(SUBSTITUTE(SUBSTITUTE(SUBSTITUTE(B10,"á","a"),"é","e"),"í","i"),"ó","o"),"ú","u")," ","_") | Z10: =I10
A11: Igreja | B11: Participar ativamente do ministério de jovens | H11: =IF(F11="✅ Executado", 10, IF(F11="🟡 Parcial", 5, 0)) | I11: =SUBSTITUTE(SUBSTITUTE(SUBSTITUTE(SUBSTITUTE(SUBSTITUTE(SUBSTITUTE(B11,"á","a"),"é","e"),"í","i"),"ó","o"),"ú","u")," ","_") | Z11: =I11
A12: Igreja | B12: Servir em algum ministério da igreja | H12: =IF(F12="✅ Executado", 10, IF(F12="🟡 Parcial", 5, 0)) | I12: =SUBSTITUTE(SUBSTITUTE(SUBSTITUTE(SUBSTITUTE(SUBSTITUTE(SUBSTITUTE(B12,"á","a"),"é","e"),"í","i"),"ó","o"),"ú","u")," ","_") | Z12: =I12
A13: Igreja | B13: Orar e ler a Bíblia diariamente | H13: =IF(F13="✅ Executado", 10, IF(F13="🟡 Parcial", 5, 0)) | I13: =SUBSTITUTE(SUBSTITUTE(SUBSTITUTE(SUBSTITUTE(SUBSTITUTE(SUBSTITUTE(B13,"á","a"),"é","e"),"í","i"),"ó","o"),"ú","u")," ","_") | Z13: =I13
A14: Igreja | B14: Testemunhar minha fé com sabedoria | H14: =IF(F14="✅ Executado", 10, IF(F14="🟡 Parcial", 5, 0)) | I14: =SUBSTITUTE(SUBSTITUTE(SUBSTITUTE(SUBSTITUTE(SUBSTITUTE(SUBSTITUTE(B14,"á","a"),"é","e"),"í","i"),"ó","o"),"ú","u")," ","_") | Z14: =I14
A15: Igreja | B15: Apoiar os novos membros e visitantes | H15: =IF(F15="✅ Executado", 10, IF(F15="🟡 Parcial", 5, 0)) | I15: =SUBSTITUTE(SUBSTITUTE(SUBSTITUTE(SUBSTITUTE(SUBSTITUTE(SUBSTITUTE(B15,"á","a"),"é","e"),"í","i"),"ó","o"),"ú","u")," ","_") | Z15: =I15
A16: Igreja | B16: Ser pontual e comprometido nas atividades | H16: =IF(F16="✅ Executado", 10, IF(F16="🟡 Parcial", 5, 0)) | I16: =SUBSTITUTE(SUBSTITUTE(SUBSTITUTE(SUBSTITUTE(SUBSTITUTE(SUBSTITUTE(B16,"á","a"),"é","e"),"í","i"),"ó","o"),"ú","u")," ","_") | Z16: =I16
... A49: Eu_mesmo | B49: Desenvolver um plano de vida com metas claras | H49: =IF(F49="✅ Executado", 10, IF(F49="🟡 Parcial", 5, 0)) | I49: =SUBSTITUTE(SUBSTITUTE(SUBSTITUTE(SUBSTITUTE(SUBSTITUTE(SUBSTITUTE(B49,"á","a"),"é","e"),"í","i"),"ó","o"),"ú","u")," ","_") | Z49: =I49
H50: =IF(F50="✅ Executado", 10, IF(F50="🟡 Parcial", 5, 0)) | I50: =IFERROR(VLOOKUP(TRIM(E50),Objetivos!$A$2:$C$200,2,FALSE)&"_"&RIGHT(E50,2),"") | Z50: =I50
H51: =IF(F51="✅ Executado", 10, IF(F51="🟡 Parcial", 5, 0)) | I51: =IFERROR(VLOOKUP(TRIM(E51),Objetivos!$A$2:$C$200,2,FALSE)&"_"&RIGHT(E51,2),"") | Z51: =I51
H52: =IF(F52="✅ Executado", 10, IF(F52="🟡 Parcial", 5, 0)) | I52: =IFERROR(VLOOKUP(TRIM(E52),Objetivos!$A$2:$C$200,2,FALSE)&"_"&RIGHT(E52,2),"") | Z52: =I52
H53: =IF(F53="✅ Executado", 10, IF(F53="🟡 Parcial", 5, 0)) | I53: =IFERROR(VLOOKUP(TRIM(E53),Objetivos!$A$2:$C$200,2,FALSE)&"_"&RIGHT(E53,2),"") | Z53: =I53
H54: =IF(F54="✅ Executado", 10, IF(F54="🟡 Parcial", 5, 0)) | I54: =IFERROR(VLOOKUP(TRIM(E54),Objetivos!$A$2:$C$200,2,FALSE)&"_"&RIGHT(E54,2),"") | Z54: =I54
H55: =IF(F55="✅ Executado", 10, IF(F55="🟡 Parcial", 5, 0)) | I55: =IFERROR(VLOOKUP(TRIM(E55),Objetivos!$A$2:$C$200,2,FALSE)&"_"&RIGHT(E55,2),"") | Z55: =I55
H56: =IF(F56="✅ Executado", 10, IF(F56="🟡 Parcial", 5, 0)) | I56: =IFERROR(VLOOKUP(TRIM(E56),Objetivos!$A$2:$C$200,2,FALSE)&"_"&RIGHT(E56,2),"") | Z56: =I56
H57: =IF(F57="✅ Executado", 10, IF(F57="🟡 Parcial", 5, 0)) | I57: =IFERROR(VLOOKUP(TRIM(E57),Objetivos!$A$2:$C$200,2,FALSE)&"_"&RIGHT(E57,2),"") | Z57: =I57
H58: =IF(F58="✅ Executado", 10, IF(F58="🟡 Parcial", 5, 0)) | I58: =IFERROR(VLOOKUP(TRIM(E58),Objetivos!$A$2:$C$200,2,FALSE)&"_"&RIGHT(E58,2),"") | Z58: =I58
H59: =IF(F59="✅ Executado", 10, IF(F59="🟡 Parcial", 5, 0)) | I59: =IFERROR(VLOOKUP(TRIM(E59),Objetivos!$A$2:$C$200,2,FALSE)&"_"&RIGHT(E59,2),"") | Z59: =I59
H60: =IF(F60="✅ Executado", 10, IF(F60="🟡 Parcial", 5, 0)) | I60: =IFERROR(VLOOKUP(TRIM(E60),Objetivos!$A$2:$C$200,2,FALSE)&"_"&RIGHT(E60,2),"") | Z60: =I60
H61: =IF(F61="✅ Executado", 10, IF(F61="🟡 Parcial", 5, 0)) | I61: =IFERROR(VLOOKUP(TRIM(E61),Objetivos!$A$2:$C$200,2,FALSE)&"_"&RIGHT(E61,2),"") | Z61: =I61
... H200: =IF(F200="✅ Executado", 10, IF(F200="🟡 Parcial", 5, 0)) | I200: =IFERROR(VLOOKUP(TRIM(E200),Objetivos!$A$2:$C$200,2,FALSE)&"_"&RIGHT(E200,2),"") | Z200: =I200

Sheet ListasAuxiliares
A1: Áreas | B1: Família | C1: Igreja | D1: Escola | E1: Amigos | F1: Comunidade | G1: Eu mesmo | H1: Melhorar_a_comunicação_com_meus_pais | I1: Ajudar_nas_tarefas_de_casa_com_regularidade | J1: Passar_tempo_de_qualidade_com_minha_familia | K1: Ser_mais_paciente_com_meus_irmãos_ou_parentes | L1: Expressar_gratidão_e_carinho_dentro_de_casa | M1: Evitar_discussões_desnecessarias | N1: Orar_com_minha_familia_regularmente | O1: Respeitar_os_horarios_e_regras_do_lar | P1: Frequentar_os_cultos_com_regularidade | Q1: Participar_ativamente_do_ministerio_de_jovens | R1: Servir_em_algum_ministerio_da_igreja | S1: Orar_e_ler_a_Biblia_diariamente | T1: Testemunhar_minha_fe_com_sabedoria | U1: Apoiar_os_novos_membros_e_visitantes | V1: Ser_pontual_e_comprometido_nas_atividades | W1: Buscar_conselhos_com_lideres_espirituais | X1: Organizar_melhor_meus_estudos_e_prazos | Y1: Melhorar_minha_participação_nas_aulas | Z1: Cuidar_do_meu_comportamento_escolar | AA1: Buscar_ajuda_quando_tiver_dificuldades | AB1: Aumentar_minha_media_em_pelo_menos_uma_disciplina | AC1: Respeitar_professores_e_colegas | AD1: Evitar_distrações_em_sala_de_aula | AE1: Montar_um_plano_de_estudos_realista | AF1: Valorizar_os_verdadeiros_amigos | AG1: Ser_mais_presente_nos_momentos_dificeis | AH1: Dar_bons_conselhos_quando_for_procurado | AI1: Manter_contato_com_amigos_antigos | AJ1: Evitar_fofocas_e_julgamentos | AK1: Incluir_colegas_que_ficam_isolados | AL1: Desenvolver_amizades_saudaveis | AM1: Orar_por_meus_amigos_regularmente | AN1: Participar_de_ações_sociais_ou_voluntariado | AO1: Cuidar_do_ambiente_ao_meu_redor | AP1: Ser_respeitoso_com_todos,_mesmo_os_diferentes | AQ1: Cumprir_regras_e_responsabilidades_publicas | AR1: Tratar_bem_os_vizinhos | AS1: Ajudar_idosos_ou_crianças_quando_possivel | AT1: Usar_redes_sociais_com_responsabilidade | AU1: Representar_bem_minha_fe_e_meus_valores | AV1: Me_conhecer_melhor_e_valorizar_minhas_qualidades | AW1: Cuidar_da_minha_saude_fisica | AX1: Controlar_meu_tempo_no_celular_e_redes | AY1: Aprender_a_lidar_com_minhas_emoções | AZ1: Criar_habitos_saudaveis_(sono,_alimentação) | BA1: Buscar_crescimento_espiritual | BB1: Evitar_comparações_e_inveja | BC1: Desenvolver_um_plano_de_vida_com_metas_claras
A2: Família | B2: Melhorar a comunicação com meus pais | C2: Frequentar os cultos com regularidade | D2: Organizar melhor meus estudos e prazos | E2: Valorizar os verdadeiros amigos | F2: Participar de ações sociais ou voluntariado | G2: Me conhecer melhor e valorizar minhas qualidades | H2: Reservar 15 minutos por dia para conversar com meus pais, sem celular ou distrações. | I2: Arrumar minha cama todos os dias sem que precisem pedir. | J2: Planejar uma noite em família com jogos ou filme por semana. | K2: Contar até 10 antes de responder com raiva ou impaciência. | L2: Dizer “obrigado” sempre que alguém fizer algo por mim. | M2: Respirar fundo e contar até 10 antes de entrar numa discussão. | N2: Orar em voz alta com minha família pelo menos uma vez por semana. | O2: Anotar os horários combinados para evitar atrasos. | P2: Separar minha roupa e bíblia com antecedência para o culto. | Q2: Participar das reuniões do ministério de jovens. | R2: Descobrir em que área posso servir melhor. | S2: Criar o hábito de leitura bíblica pela manhã. | T2: Falar de Deus naturalmente com os amigos. | U2: Dar boas-vindas a quem está visitando. | V2: Chegar com 10 minutos de antecedência. | W2: Agendar conversas com líderes da igreja. | X2: Usar agenda ou app para marcar provas e prazos. | Y2: Levantar a mão para responder ao menos uma vez por aula. | Z2: Cumprir as regras da escola com atenção. | AA2: Falar com o professor quando não entender algo. | AB2: Identificar minha maior dificuldade escolar. | AC2: Evitar falar mal de professores ou colegas. | AD2: Deixar o celular no modo silencioso durante as aulas. | AE2: Listar os conteúdos de cada disciplina. | AF2: Entrar em contato com quem me apoia de verdade. | AG2: Perguntar como o amigo está de verdade. | AH2: Evitar dar conselhos sem escutar tudo antes. | AI2: Enviar uma mensagem para um amigo antigo. | AJ2: Evitar falar mal de quem não está presente. | AK2: Convidar um colega excluído para se juntar a mim. | AL2: Escolher amizades que respeitam meus valores. | AM2: Criar uma lista de amigos para orar por eles. | AN2: Participar de mutirões ou campanhas locais. | AO2: Evitar jogar lixo na rua. | AP2: Tratar todos com educação, mesmo os diferentes. | AQ2: Cumprir horários de silêncio no prédio ou bairro. | AR2: Dar bom dia aos vizinhos com gentileza. | AS2: Ajudar idosos a atravessar a rua ou carregar sacolas. | AT2: Evitar brigas e comentários agressivos online. | AU2: Demonstrar fé nas atitudes, não só em palavras. | AV2: Listar 5 qualidades minhas e agradecer a Deus. | AW2: Beber mais água e dormir bem todos os dias. | AX2: Definir horários para uso de celular/redes sociais. | AY2: Nomear o que estou sentindo ao invés de reprimir. | AZ2: Dormir 8h por noite com rotina de horário. | BA2: Ter um tempo diário de oração e leitura bíblica. | BB2: Agradecer a Deus por quem eu sou. | BC2: Escrever onde quero estar em 1, 5 e 10 anos.
A3: Igreja | B3: Ajudar nas tarefas de casa com regularidade | C3: Participar ativamente do ministério de jovens | D3: Melhorar minha participação nas aulas | E3: Ser mais presente nos momentos difíceis | F3: Cuidar do ambiente ao meu redor | G3: Cuidar da minha saúde física | H3: Perguntar como foi o dia deles e escutar com atenção. | I3: Lavar a louça ou ajudar na limpeza após as refeições. | J3: Tomar café da manhã junto pelo menos 2 vezes por semana. | K3: Sair de perto quando perceber que posso perder a calma. | L3: Escrever bilhetes de carinho e deixar pela casa. | M3: Evitar gritar ou levantar a voz, mesmo quando estiver certo. | N3: Sugerir um momento de louvor juntos aos sábados. | O3: Evitar discussões sobre regras, buscando diálogo com respeito. | P3: Dormir mais cedo no sábado para acordar disposto. | Q3: Contribuir com ideias para as programações. | R3: Conversar com o líder para me voluntariar. | S3: Escolher um plano de leitura diário. | T3: Compartilhar um verso nas redes sociais. | U3: Sentar com visitantes para incluí-los. | V3: Anotar meus compromissos na igreja. | W3: Ouvir conselhos sem resistência. | X3: Separar 1h por dia para revisar conteúdos. | Y3: Fazer perguntas sempre que tiver dúvida. | Z3: Respeitar o tempo de fala do professor. | AA3: Procurar um colega para me ajudar nos estudos. | AB3: Fazer exercícios extras dessa disciplina. | AC3: Obedecer instruções sem reclamar. | AD3: Guardar o celular sem ficar conferindo mensagens. | AE3: Distribuir os conteúdos ao longo da semana. | AF3: Agradecer os amigos que estão sempre por perto. | AG3: Estar disponível para ouvir sem julgar. | AH3: Falar com sabedoria e sinceridade. | AI3: Marcar um encontro ou chamada de vídeo. | AJ3: Mudar de assunto quando começarem fofocas. | AK3: Fazer perguntas gentis para incluí-lo(a). | AL3: Ficar atento aos sinais de amizade tóxica. | AM3: Interceder por um amigo específico toda semana. | AN3: Separar roupas ou alimentos para doar. | AO3: Plantar algo no meu bairro ou escola. | AP3: Evitar deboches ou piadas ofensivas. | AQ3: Respeitar regras em espaços públicos. | AR3: Ajudar vizinhos com sacolas ou tarefas simples. | AS3: Ceder lugar no transporte público. | AT3: Pensar antes de publicar algo nas redes. | AU3: Evitar comportamentos que envergonham minha fé. | AV3: Pedir feedback sincero de alguém de confiança. | AW3: Evitar exageros em doces e fast food. | AX3: Usar apps de controle de tempo no celular. | AY3: Falar com alguém de confiança sobre o que sinto. | AZ3: Trocar refrigerantes por suco natural. | BA3: Anotar os aprendizados espirituais da semana. | BB3: Desinstalar apps que me causam comparação. | BC3: Dividir minhas metas em passos menores.
A4: Escola | B4: Passar tempo de qualidade com minha família | C4: Servir em algum ministério da igreja | D4: Cuidar do meu comportamento escolar | E4: Dar bons conselhos quando for procurado | F4: Ser respeitoso com todos, mesmo os diferentes | G4: Controlar meu tempo no celular e redes | H4: Fazer perguntas sobre suas histórias e experiências de vida. | I4: Criar um quadro de tarefas semanais com meus pais. | J4: Fazer um almoço especial com a família no fim de semana. | K4: Orar pedindo paciência antes de lidar com discussões. | L4: Orar agradecendo pela minha família. | M4: Ficar em silêncio por alguns minutos antes de responder algo tenso. | N4: Compartilhar um versículo ou reflexão nos cultos familiares. | O4: Demonstrar responsabilidade em compromissos familiares. | P4: Evitar compromissos que me impeçam de ir à igreja. | Q4: Se oferecer para ajudar nos eventos. | R4: Ir aos ensaios e reuniões com regularidade. | S4: Anotar versículos que tocam meu coração. | T4: Entregar folhetos ou convites da igreja. | U4: Apresentar a igreja e outras pessoas. | V4: Evitar marcar outras atividades no mesmo horário. | W4: Perguntar como posso melhorar espiritualmente. | X4: Organizar meu material e cadernos. | Y4: Participar das atividades em grupo com dedicação. | Z4: Evitar discussões ou provocações com colegas. | AA4: Participar de grupos de reforço, se houver. | AB4: Assistir vídeos educativos sobre o tema. | AC4: Ajudar colegas em dificuldades sem zombar. | AD4: Manter o foco no que o professor está explicando. | AE4: Definir metas diárias e semanais. | AF4: Investir tempo com os amigos que me edificam. | AG4: Mandar uma mensagem de apoio sincero. | AH4: Dar conselhos baseados na Bíblia e no amor. | AI4: Relembrar momentos bons juntos. | AJ4: Repreender com carinho quando necessário. | AK4: Apresentá-lo(a) ao grupo com simpatia. | AL4: Valorizar quem me incentiva a crescer. | AM4: Orar antes de conversar com um amigo em crise. | AN4: Me envolver em projetos sociais da igreja ou escola. | AO4: Evitar desperdício de água e energia. | AP4: Ouvir com atenção ideias diferentes da minha. | AQ4: Ajudar a manter a ordem em filas e eventos. | AR4: Evitar barulhos excessivos em casa. | AS4: Brincar com crianças da vizinhança com respeito. | AT4: Repostar conteúdo que ajude ou edifique alguém. | AU4: Ser honesto, mesmo quando ninguém está vendo. | AV4: Evitar me comparar com outras pessoas. | AW4: Fazer alguma atividade física toda semana. | AX4: Desligar notificações durante o estudo ou culto. | AY4: Orar e pedir a Deus força para lidar com emoções. | AZ4: Fazer 3 refeições saudáveis por dia. | BA4: Participar de um grupo de discipulado ou célula. | BB4: Evitar seguir perfis que geram inveja ou tristeza. | BC4: Compartilhar meu plano com um mentor ou amigo.
A5: Amigos | B5: Ser mais paciente com meus irmãos ou parentes | C5: Orar e ler a Bíblia diariamente | D5: Buscar ajuda quando tiver dificuldades | E5: Manter contato com amigos antigos | F5: Cumprir regras e responsabilidades públicas | G5: Aprender a lidar com minhas emoções | H5: Evitar respostas curtas ou monossilábicas durante as conversas. | I5: Ajudar na organização da casa antes do sábado. | J5: Propor uma caminhada ou passeio juntos. | K5: Focar no lado positivo dos meus irmãos ou parentes. | L5: Fazer elogios sinceros a alguém da família toda semana. | M5: Sair do ambiente e voltar depois, se for necessário me acalmar. | N5: Orar pelo nome de cada membro da família durante a semana. | O5: Planejar minha rotina para evitar esquecer combinados. | P5: Anotar mensagens ou aprendizados do culto. | Q5: Evitar atrasos e faltas sem aviso. | R5: Realizar as tarefas com alegria e pontualidade. | S5: Separar um lugar tranquilo para orar diariamente. | T5: Dar bom exemplo nos meus comportamentos. | U5: Convidar o visitante para voltar. | V5: Confirmar presença nas atividades com antecedência. | W5: Ser transparente sobre dúvidas ou lutas pessoais. | X5: Criar um cronograma de estudos por matéria. | Y5: Anotar os conteúdos explicados pelo professor. | Z5: Ser pontual na entrada e troca de aulas. | AA5: Pedir ajuda aos pais ou responsáveis. | AB5: Pedir explicações adicionais ao professor. | AC5: Ser gentil ao pedir ou oferecer ajuda. | AD5: Ignorar distrações de colegas durante o estudo. | AE5: Revisar o plano a cada domingo. | AF5: Evitar amizades que me afastam de Deus. | AG5: Ajudar em tarefas ou momentos difíceis. | AH5: Ser paciente quando o amigo não seguir o conselho. | AI5: Mostrar que ele(a) ainda é importante para mim. | AJ5: Evitar espalhar algo que ouvi sem certeza. | AK5: Estar ao lado dele(a) em momentos desconfortáveis. | AL5: Orar pedindo a Deus boas amizades. | AM5: Orar agradecendo pelos bons amigos que tenho. | AN5: Oferecer meu tempo em ações voluntárias. | AO5: Falar com respeito em ambientes públicos. | AP5: Respeitar quem tem outra fé ou opinião. | AQ5: Participar das decisões do bairro, quando possível. | AR5: Oferecer ajuda em pequenas emergências. | AS5: Evitar expor ou debochar de idosos/crianças. | AT5: Não alimentar discussões inúteis em grupos. | AU5: Mostrar respeito, gentileza e humildade com todos. | AV5: Cuidar da minha autoestima com bons hábitos. | AW5: Cuidar da higiene pessoal diariamente. | AX5: Evitar olhar o celular logo ao acordar. | AY5: Escrever em um diário quando estiver confuso. | AZ5: Evitar telas antes de dormir. | BA5: Praticar o perdão e a gratidão. | BB5: Focar no meu crescimento e não na aparência alheia. | BC5: Estabelecer prazos realistas para cada meta.
A6: Comunidade | B6: Expressar gratidão e carinho dentro de casa | C6: Testemunhar minha fé com sabedoria | D6: Aumentar minha média em pelo menos uma disciplina | E6: Evitar fofocas e julgamentos | F6: Tratar bem os vizinhos | G6: Criar hábitos saudáveis (sono, alimentação) | H6: Agradecer quando eles me ouvirem ou me aconselharem. | I6: Me oferecer para ajudar em algo nos dias mais corridos da família. | J6: Ficar presente nos momentos familiares sem me isolar. | K6: Conversar calmamente após momentos de desentendimento. | L6: Preparar algo especial para um membro da família como surpresa. | M6: Pedir desculpas quando eu exagerar em alguma resposta. | N6: Ajudar a organizar o culto familiar semanal. | O6: Evitar usar o celular fora do horário permitido pela família. | P6: Convidar alguém para ir comigo quando possível. | Q6: Orar pelo grupo antes dos encontros. | R6: Trabalhar em equipe com respeito e humildade. | S6: Evitar distrações durante a leitura e oração. | T6: Responder dúvidas com paciência e amor. | U6: Perguntar como posso orar por ele(a). | V6: Ser exemplo de responsabilidade no grupo. | W6: Aceitar correções com humildade. | X6: Estudar em local sem distrações. | Y6: Evitar conversas paralelas em sala de aula. | Z6: Manter minha postura adequada em sala. | AA6: Aceitar que preciso melhorar e agir para isso. | AB6: Dedicar mais tempo no meu plano de estudos. | AC6: Fazer a minha parte sem esperar elogios. | AD6: Evitar brincadeiras que atrapalhem os outros. | AE6: Adaptar o cronograma conforme minha evolução. | AF6: Manter distância de quem só aparece em festas. | AG6: Orar com e por ele em situações difíceis. | AH6: Orar antes de aconselhar alguém. | AI6: Criar um momento novo de conexão. | AJ6: Ficar em silêncio ao invés de julgar. | AK6: Evitar apelidos ou piadas de exclusão. | AL6: Não abrir mão de meus princípios para agradar. | AM6: Chamar um amigo para orarmos juntos. | AN6: Fazer parte de um grupo que ajuda outras pessoas. | AO6: Dar exemplo de cuidado com o meio ambiente. | AP6: Promover a paz, não o conflito. | AQ6: Ser exemplo de cidadania no dia a dia. | AR6: Ser respeitoso com todos no convívio local. | AS6: Cumprimentar com alegria os mais velhos. | AT6: Usar as redes para espalhar valores positivos. | AU6: Ser luz onde estiver, como Jesus ensinou. | AV6: Escrever metas para meu desenvolvimento pessoal. | AW6: Evitar dormir muito tarde sem necessidade. | AX6: Ficar 1h por dia sem tecnologia, focando em mim. | AY6: Aprender a aceitar minhas falhas sem culpa. | AZ6: Começar o dia com um momento de oração e água. | BA6: Colocar Deus em primeiro lugar nos meus planos. | BB6: Reconhecer minhas conquistas, por menores que sejam. | BC6: Avaliar mensalmente se estou no caminho certo.
A7: Eu mesmo | B7: Evitar discussões desnecessárias | C7: Apoiar os novos membros e visitantes | D7: Respeitar professores e colegas | E7: Incluir colegas que ficam isolados | F7: Ajudar idosos ou crianças quando possível | G7: Buscar crescimento espiritual
B8: Orar com minha família regularmente | C8: Ser pontual e comprometido nas atividades | D8: Evitar distrações em sala de aula | E8: Desenvolver amizades saudáveis | F8: Usar redes sociais com responsabilidade | G8: Evitar comparações e inveja
B9: Respeitar os horários e regras do lar | C9: Buscar conselhos com líderes espirituais | D9: Montar um plano de estudos realista | E9: Orar por meus amigos regularmente | F9: Representar bem minha fé e meus valores | G9: Desenvolver um plano de vida com metas claras
